rating,title,text,qwen2.5-7B_pred_tuples,qwen2.5-14B_pred_tuples,llama3.1-8B_pred_tuples,gemma2-9B_pred_tuples
3,Works but corners crack,"Works well, but the corner of the plastic cracked and is broken after a month or so. I think at least 2 of the plastic corners are cracked now. still works but wish it was higher quality.","[('plastic corners', 'quality', 'wish it was higher', -0.6), ('plastic corners', 'durability', 'cracked and is broken', -1.0)]","[('plastic', 'durability', 'poor quality', -0.8), ('product', 'null', 'works well', 0.6)]","[('product', 'quality', 'higher quality', 1.0), ('product', 'null', 'works well', 1.0), ('product', 'quality', 'broken', -1.0)]","[('plastic', 'corner', 'cracked and broken', -1.0), ('plastic', 'corner', 'cracked', -1.0), ('null', 'null', 'higher quality', 1.0)]"
3,"Decent, but the design is flawed.",Somewhat disappointed. Works as advertised except this desk is not wide enough and therefore your computer is not centered for typing. I’m order to do my homework I have to set it up as shown in my photo (move computer to center of desk instead of where it’s supposed to sit) which leaves little room for my mouse to be used. This is the only flaw I am seeing so far.,"[('desk', 'width', 'not wide enough', -1.0), ('computer', 'position', 'not centered', -1.0), ('mouse', 'null', 'little room', -1.0)]","[('desk', 'width', 'not wide enough', -1.0), ('desk', 'null', 'disappointing', -1.0), ('computer', 'position', 'not centered', -1.0), ('desk', 'null', 'little room', -1.0)]","[('desk', 'width', 'not wide enough', -1.0), ('desk', 'design', 'only flaw', -1.0), ('computer', 'placement', 'not centered', -1.0), ('mouse', 'space', 'little room', -1.0)]","[('desk', 'width', 'not wide enough', -0.7), ('desk', 'design', 'not centered', -0.6), ('desk', 'space', 'little room', -0.5)]"
3,Bad standby life,These batteries during use have a good life. Standby life is poor. They discharge in 7/10 days of standby. For a recreational photographer this limiting.,"[('batteries', 'battery life', 'good', 0.8), ('batteries', 'standby life', 'poor', -0.8)]","[('batteries', 'life during use', 'good', 1.0), ('batteries', 'standby life', 'poor', -1.0), ('batteries', 'discharge', 'limiting', -1.0)]","[('batteries', 'life', 'good', 1.0), ('batteries', 'standby life', 'poor', -1.0), ('batteries', 'discharge', 'limiting', -1.0)]","[('batteries', 'life during use', 'have a good life', 0.8), ('batteries', 'standby life', 'is poor', -0.7), ('batteries', 'standby life', 'discharge in 7/10 days', -0.6), ('batteries', 'null', 'limiting for a recreational photographer', -0.8)]"
3,You get what you pay for I guess.,"I'm giving it three stars because, although the case and keyboard cover are good (I really like those), the sleeve has already started ripping. I haven't even had this for a week. It's kind of disappointing actually. I love the colors of the case and keyboard cover though! But for the sake of the sleeve, which I thought was essential, I have to give it a sleeve.","[('case', 'quality', 'good', 0.8), ('keyboard cover', 'quality', 'good', 0.8), ('sleeve', 'durability', 'ripping', -0.9), ('sleeve', 'importance', 'essential', 0.7), ('sleeve', 'quality', 'disappointing', -0.6)]","[('case', 'quality', 'good', 1.0), ('keyboard cover', 'quality', 'good', 1.0), ('sleeve', 'durability', 'ripping', -1.0), ('sleeve', 'essential', 'disappointing', -1.0), ('case', 'colors', 'love', 1.0), ('keyboard cover', 'colors', 'love', 1.0)]","[('sleeve', 'quality', 'already started ripping', -1.0), ('sleeve', 'null', 'disappointing', -1.0), ('case and keyboard cover', 'null', 'love', 1.0), ('case and keyboard cover', 'null', 'good', 1.0)]","[('case', 'null', 'i really like those', 0.8), ('keyboard cover', 'null', 'i really like those', 0.8), ('sleeve', 'durability', 'already started ripping', -0.7), ('sleeve', 'null', 'thought was essential', -0.5), ('case', 'colors', 'love the colors', 0.9), ('keyboard cover', 'colors', 'love the colors', 0.9)]"
3,"Feels better than stock to me, and the sweat doesn't absorb into leather.","Positives:<br />1. Sweat cleans off easy, not hard to install and the included eye cover is functional. I find it works better with my frankenquest adapters at holding things in place than the stock foam. It bounces on my face less ands doesn't require as much tension.<br />2. This does seem to work better at keeping my face cool that just the silicone covers for the stock foam.<br />Negatives:<br />1. There is still a bit of light bleed out the sides, but it's not bad unless you are in a really bright room and you can only tell in dark scenes. I have seen other adapters including side cushions to repair this issue.<br />2. The nose piece doesn't stay on well, and when it does it presses hard and leaves a mark on my nose. It's still rubber so it's not painful, but there has to be a better solution. Maybe cut it lower or make it a bit more flexible. If you remove it there is a lot of open area in your lower vision.<br /><br />Overall I recommend it over a silicone cover for the stock foam, but it has a lot of downfalls so I am sure this isn't the best option for a new face plate.","[('sweat', 'cleans off', 'easy', 0.8), ('eye cover', 'functional', 'functional', 0.5), ('frankenquest adapters', 'null', 'works better', 0.7), ('stock foam', 'null', 'less bounces', 0.6), ('stock foam', 'null', ""doesn't require as much tension"", 0.6), ('face', 'cool', 'works better', 0.7), ('light', 'bleed out', 'not bad', 0.3), ('nose piece', 'stays on', ""doesn't stay on well"", -0.6), ('nose', 'null', 'presses hard', -0.5), ('nose', 'null', 'leaves a mark', -0.5), ('nose piece', 'flexible', 'null', 0.0), ('face plate', 'null', 'has a lot of downfalls', -0.7), ('silicone cover', 'null', 'better option', 0.5)]","[('eye cover', 'functionality', 'functional', 1.0), ('frankenquest adapters', 'holding', 'works better', 1.0), ('frankenquest adapters', 'bouncing', 'bounces less', 1.0), ('frankenquest adapters', 'tension', 'less tension', 1.0), ('product', 'cooling', 'keeps face cool', 1.0), ('product', 'light bleed', 'light bleed', -1.0), ('nose piece', 'fit', ""doesn't stay on"", -1.0), ('nose piece', 'pressure', 'presses hard', -1.0), ('nose piece', 'mark', 'leaves mark', -1.0), ('nose piece', 'removal', 'open area', -1.0), ('product', 'overall', 'better than silicone', 1.0), ('product', 'overall', 'many downfalls', -1.0)]","[('adapter', 'installation', 'easy', 1.0), ('adapter', 'eye cover', 'functional', 1.0), ('adapter', 'bouncing', 'less', 1.0), ('adapter', 'tension', 'not hard', 1.0), ('adapter', 'feature', 'better', 1.0), ('adapter', 'light bleed', 'not bad', 0.0), ('adapter', 'light bleed', 'bad', -1.0), ('adapter', 'nose piece', ""doesn't stay"", -1.0), ('adapter', 'nose piece', 'hard', -1.0), ('adapter', 'nose piece', 'better solution', 1.0), ('adapter', 'null', 'best option', -1.0)]","[('sweat', 'cleanability', 'cleans off easy', 0.8), ('installation', 'ease', 'not hard to install', 0.8), ('eye cover', 'functionality', 'is functional', 0.6), ('adapters', 'performance', 'works better', 0.8), ('adapters', 'holding', 'holding things in place', 0.8), ('adapters', 'bounce', 'bounces on my face less', 0.8), ('adapters', 'tension', ""doesn't require as much tension"", 0.8), ('face cover', 'cooling', 'keeps my face cool', 0.6), ('face cover', 'light bleed', 'light bleed out the sides', -0.4), ('face cover', 'light bleed', 'not bad unless you are in a really bright room', -0.2), ('face cover', 'light bleed', 'can only tell in dark scenes', -0.2), ('nose piece', 'staying power', ""doesn't stay on well"", -0.8), ('nose piece', 'pressure', 'presses hard', -0.6), ('nose piece', 'mark', 'leaves a mark on my nose', -0.6), ('nose piece', 'flexibility', 'make it a bit more flexible', -0.6), ('nose piece', 'open area', 'a lot of open area in your lower vision', -0.8)]"
3,"Definitely not for me, but maybe for my sons","First for pros: This is tiny, maybe about 3/4 inch thick at it's widest. Sleek, attractive and would probably delight any techie who is looking for some kind of new hip gadget. For the cons: It's too small. There are no indentations to grip the mouse and it is difficult to click on any area that you are trying to. Navigation/movement of the mouse is ok, it's the clicking that is difficult to do (and it becomes quite annoying to say the least). Within using this for a full day I, unfortunately, reverted back to my old wireless HP mouse. Maybe I am just old school and set in my ways (I am in my 50's), so I will be 'loaning' this to my techie son to give it a go. Maybe he will appreciate this better and will be able to navigate easier than I could. If that is the case, I will revisit my review and update accordingly.","[('mouse', 'size', 'too small', -1.0), ('mouse', 'grip', 'no indentations', -1.0), ('mouse', 'clicking', 'difficult', -1.0), ('mouse', 'navigation/movement', 'ok', 0.0), ('mouse', 'null', 'annoying', -1.0), ('mouse', 'null', 'set in my ways', -1.0), ('mouse', 'null', 'old school', -1.0), ('mouse', 'null', 'reverted back', -1.0), ('mouse', 'null', 'loaning to son', 0.0), ('mouse', 'null', 'revisit review', 0.0)]","[('mouse', 'size', 'too small', -1.0), ('mouse', 'indentations', 'no indentations', -1.0), ('mouse', 'grip', 'difficult to grip', -1.0), ('mouse', 'clicking', 'difficult to click', -1.0), ('mouse', 'navigation', 'navigation ok', 0.0), ('mouse', 'appearance', 'sleek attractive', 1.0), ('mouse', 'null', 'new hip gadget', 1.0)]","[('mouse', 'size', 'tiny', -1.0), ('mouse', 'thickness', 'sleek', 1.0), ('mouse', 'thickness', 'attractive', 1.0), ('mouse', 'thickness', 'delight', 1.0), ('mouse', 'size', 'too small', -1.0), ('mouse', 'grip', 'no indentations', -1.0), ('mouse', 'clicking', 'difficult', -1.0), ('mouse', 'clicking', 'annoying', -1.0), ('mouse', 'navigation', 'ok', 0.0)]","[('mouse', 'size', 'tiny, about 3/4 inch', 0.5), ('mouse', 'design', 'sleek, attractive', 0.8), ('mouse', 'size', 'too small', -0.7), ('mouse', 'grip', 'no indentations to grip', -0.6), ('mouse', 'clicking', 'difficult to click', -0.8), ('mouse', 'navigation', 'ok navigation', 0.3)]"
3,Wait for a Gold Box special before ordering,"I am a little disappointed with the quality of this point and shoot. First, the pros are that it is light, attractive, small and easy to carry. Everything else, in my opinion, really revolves around what you get for the money. Quality of the pictures is just ok, I honestly think my Apple iphone takes better pictures (even in dimly lit areas). But for those people who want to take a lot of pictures on a trip and need memory card, then a camera would be a must have. Not crazy about the zoom capability, seems to definitely be less than advertised. As I mentioned, in low lighting camera stabilization seems low. Overall, if this was in a gold box deal for $99 I would jump on it for the name and durability of a Sony product. But not for $20-30 more than that. I think you can do better.","[('point and shoot', 'quality', 'disappointed', -1.0), ('point and shoot', 'pictures', 'ok', 0.0), ('point and shoot', 'zoom capability', 'not crazy about', -0.5), ('point and shoot', 'camera stabilization', 'low', -1.0), ('point and shoot', 'null', 'can do better', -1.0), ('sony product', 'null', 'name and durability', 1.0)]","[('point and shoot', 'quality', 'disappointed', -0.7), ('point and shoot', 'light', 'pros', 0.5), ('point and shoot', 'attractive', 'pros', 0.5), ('point and shoot', 'small', 'pros', 0.5), ('point and shoot', 'easy to carry', 'pros', 0.5), ('point and shoot', 'quality of pictures', 'ok', -0.3), ('point and shoot', 'zoom capability', 'not crazy', -0.6), ('point and shoot', 'camera stabilization', 'low', -0.7), ('point and shoot', 'value for money', 'not worth', -0.8), ('point and shoot', 'memory card', 'must have', 0.6), ('point and shoot', 'durability', 'good', 0.5), ('point and shoot', 'name', 'good', 0.5)]","[('point and shoot', 'quality', 'disappointed', -1.0), ('point and shoot', 'weight', 'light', 1.0), ('point and shoot', 'attractiveness', 'attractive', 1.0), ('point and shoot', 'size', 'small', 1.0), ('point and shoot', 'portability', 'easy to carry', 1.0), ('point and shoot', 'value', 'what you get for the money', 0.0), ('point and shoot', 'picture quality', 'just ok', -1.0), ('iphone', 'picture quality', 'better', 1.0), ('point and shoot', 'zoom capability', 'less than advertised', -1.0), ('point and shoot', 'camera stabilization', 'low', -1.0), ('point and shoot', 'price', 'not worth it', -1.0)]","[('point and shoot', 'quality', 'a little disappointed', -0.5), ('point and shoot', 'size', 'light, attractive, small', 0.7), ('point and shoot', 'picture quality', 'just ok', -0.3), ('point and shoot', 'picture quality', 'better pictures', 0.7), ('point and shoot', 'zoom capability', 'less than advertised', -0.6), ('point and shoot', 'camera stabilization', 'low in low lighting', -0.7), ('point and shoot', 'durability', 'durability of a sony product', 0.6), ('point and shoot', 'price', 'not for $20-30 more', -0.8), ('point and shoot', 'null', 'you can do better', -0.7)]"
5,Excellent!,"I love these. They even come with a carry case and several sizes of ear bud inserts. Thank heaven!  I get ear pain from most, but the smallest buds fit great.  They also have a charger and all of it fits in the carry case. I just wish they came in more colors preferably something bright!  When I leave them on my nightstand it takes a while to figure out which of half a dozen black cables are the right ones. Even white would be ok as only my iPhone has a white cord.","[('ear buds', 'size', 'fit great', 1.0), ('ear buds', 'comfort', 'no ear pain', 1.0), ('ear buds', 'null', 'come with a carry case', 1.0), ('ear buds', 'null', 'come with several sizes of ear bud inserts', 1.0), ('ear buds', 'charger', 'have a charger', 1.0), ('cables', 'color', 'preferably something bright', 1.0), ('cables', 'color', 'only my iphone has a white cord', 0.0), ('cables', 'identification', 'hard to figure out', -1.0)]","[('ear bud inserts', 'fit', 'fit great', 1.0), ('carry case', 'size', 'fits all', 1.0), ('colors', 'availability', 'wish more', -1.0), ('cables', 'visibility', 'hard to find', -1.0)]","[('ear bud inserts', 'size', 'fit great', 1.0), ('ear bud inserts', 'null', 'cause ear pain', -1.0), ('charger', 'null', 'null', 0.0), ('carry case', 'null', 'null', 0.0), ('cables', 'color', 'hard to figure out', -1.0)]","[('ear bud inserts', 'size', 'fit great', 1.0), ('ear buds', 'null', 'love these', 1.0), ('carry case', 'null', 'thank heaven', 1.0), ('ear buds', 'color', 'wish they came', -0.5), ('cables', 'color', 'figure out which', -0.5)]"
4,Worthy Purchase!,"Arrived sooner than the original really long estimated date.  Packaged well.  Remote wall bracket included.  No ceiling or wall mounting hardware included for the screen.  Very quiet operation. Moves very slowly up/down, but no big problem as the projector is usually getting up to temperature.  High vinyl odor, but that's fading, since installed 4 days ago. Does hide-away nicely and seems unobtrusive.  Worthy purchase.","[('projector', 'delivery', 'sooner', 1.0), ('projector', 'packaging', 'well', 1.0), ('projector', 'remote wall bracket', 'included', 1.0), ('projector', 'ceiling or wall mounting hardware', 'not included', -1.0), ('projector', 'operation', 'very quiet', 1.0), ('projector', 'movement', 'moves very slowly', 0.0), ('projector', 'odor', 'high vinyl', -1.0), ('projector', 'hiding', 'nicely', 1.0), ('projector', 'appearance', 'unobtrusive', 1.0), ('projector', 'null', 'worthy purchase', 1.0)]","[('arrived', 'null', 'sooner than estimated', 1.0), ('packaged', 'null', 'well', 1.0), ('remote wall bracket', 'null', 'included', 1.0), ('ceiling or wall mounting hardware', 'null', 'not included', -1.0), ('operation', 'quietness', 'very quiet', 1.0), ('projector', 'movement speed', 'moves slowly', -1.0), ('projector', 'temperature', 'getting up to temperature', 0.0), ('projector', 'odor', 'high vinyl odor', -1.0), ('projector', 'odor fading', 'fading', 1.0), ('projector', 'hiding', 'hides away nicely', 1.0), ('projector', 'appearance', 'unobtrusive', 1.0), ('purchase', 'worthiness', 'worthy', 1.0)]","[('projector', 'delivery time', 'sooner than estimated', 1.0), ('package', 'packaging', 'well', 1.0), ('remote wall bracket', 'included accessories', 'included', 1.0), ('projector', 'mounting hardware', 'no big problem', 0.5), ('projector', 'noise level', 'quiet', 1.0), ('projector', 'movement speed', 'slowly', -1.0), ('projector', 'temperature', 'getting up to temperature', 0.0), ('projector', 'odor', 'high vinyl odor', -1.0), ('projector', 'odor', 'fading', 1.0), ('projector', 'design', 'hide-away nicely', 1.0), ('projector', 'design', 'unobtrusive', 1.0), ('projector', 'value', 'worthy purchase', 1.0)]","[('projector', 'delivery time', 'arrived sooner', 0.8), ('projector', 'packaging', 'packaged well', 0.7), ('projector', 'accessories', 'remote wall bracket included', 0.6), ('projector', 'mounting hardware', 'no mounting hardware', -0.5), ('projector', 'noise level', 'very quiet operation', 0.8), ('projector', 'speed', 'moves very slowly', -0.6), ('projector', 'odor', 'high vinyl odor', -0.7), ('projector', 'appearance', 'does hide-away nicely', 0.6), ('projector', 'null', 'worthy purchase', 0.9)]"
5,Easy connect,A little crackly at times but not that noticeable. Just turn the volume up. Easy connect. Use everyday,"[('sound', 'crackliness', 'little crackly', -0.3), ('sound', 'null', 'not that noticeable', 0.1), ('connection', 'connectivity', 'easy connect', 0.8), ('device', 'null', 'use everyday', 0.6)]","[('a little crackly', 'sound quality', 'not noticeable', 0.3), ('volume', 'adjustment', 'easy to increase', 0.7), ('connect', 'process', 'easy', 0.8), ('use everyday', 'null', 'use everyday', 0.9)]","[('iphone 15', 'sound quality', 'not that noticeable', 0.5), ('iphone 15', 'volume', 'easy', 1.0), ('iphone 15', 'connectivity', 'easy', 1.0)]","[('sound', 'quality', 'a little crackly', -0.5), ('sound', 'volume', 'turn the volume up', 0.5), ('device', 'connectivity', 'easy connect', 0.8)]"
4,Great Buds for use in an office or other similar locations.,"These are great inexpensive ear buds.  My only complaint would be  lack of bass in the music.  Other than that, these are a good low-cost selection for some wireless buds.  I use mine every day at work.","[('ear buds', 'price', 'great', 1.0), ('ear buds', 'bass', 'lack', -1.0), ('ear buds', 'null', 'good low-cost selection', 1.0), ('ear buds', 'usability', 'use every day', 1.0)]","[('ear buds', 'price', 'inexpensive', 1.0), ('ear buds', 'bass', 'lack of bass', -1.0), ('ear buds', 'null', 'good low-cost selection', 1.0), ('ear buds', 'wireless', 'wireless', 1.0), ('ear buds', 'durability', 'use every day', 1.0)]","[('ear buds', 'bass', 'lack of', -1.0), ('ear buds', 'null', 'great', 1.0), ('ear buds', 'cost', 'inexpensive', 1.0), ('ear buds', 'null', 'good', 1.0)]","[('ear buds', 'price', 'inexpensive', 0.8), ('ear buds', 'bass', 'lack of bass', -0.6), ('ear buds', 'null', 'good low-cost selection', 0.7), ('ear buds', 'null', 'use every day', 0.8)]"
5,awesome colors,can change for any holiday or time of year. holding up and fit nice. sime issues with them coming undone but not with all of them.,"[('holiday or time of year', 'null', 'can change', 0.5), ('them', 'holding up', 'fit nice', 1.0), ('them', 'coming undone', 'sime issues', -0.5)]","[('holding', 'null', 'fit nice', 0.7), ('them', 'null', 'coming undone', -0.7)]","[('can change', 'null', 'nice', 1.0), ('holding up', 'null', 'nice', 1.0), ('fit', 'null', 'nice', 1.0), ('them', 'null', 'issues', -1.0)]","[('them', 'null', 'can change', 0.5), ('them', 'holding up', 'holding up', 0.8), ('them', 'fit', 'fit nice', 0.7), ('them', 'coming undone', 'sime issues', -0.4)]"
4,Make sure to leave room for sag....,"I installed this in the back of a built in. Had 24"" to clear and it did fine, but it sages down about 1.5 inches and I wasnt expecting that much. I left that much clearance luckily, so it barely rubs, but it can block the IR since I have a sound bar wall mounted also.<br />TV only weighs about 25 lbs so I have no idea how bad it would be if you used the max capacity of 60lb.<br />If it didn't sag so bad it would be 5 stars though. Easy install and works well, feels solid.","[('tv mount', 'sag', 'sages down', -0.8), ('tv mount', 'clearance', 'did fine', 0.6), ('tv mount', 'ir blockage', 'can block', -0.5), ('tv mount', 'capacity', 'no idea', 0.0), ('tv mount', 'installation', 'easy install', 1.0), ('tv mount', 'sturdiness', 'feels solid', 1.0), ('tv mount', 'null', ""if it didn't sag so bad"", 0.8)]","[('tv', 'sagging', 'bad', -1.0), ('tv', 'installation', 'easy', 1.0), ('tv', 'functionality', 'works well', 1.0), ('tv', 'sturdiness', 'feels solid', 1.0)]","[('built in', 'sagging', 'sages down', -1.0), ('built in', 'sagging', 'barely rubs', 1.0), ('built in', 'sagging', 'block the ir', -1.0), ('tv', 'weight', 'no idea how bad', -1.0), ('tv mount', 'capacity', 'bad', -1.0), ('tv mount', 'install', 'easy', 1.0), ('tv mount', 'functionality', 'works well', 1.0), ('tv mount', 'sturdiness', 'feels solid', 1.0)]","[('tv mount', 'sagging', 'sags down', -0.7), ('tv mount', 'clearance', 'barely rubs', -0.3), ('tv mount', 'ir blocking', 'can block ir', -0.5), ('tv mount', 'weight capacity', 'no idea how bad', -0.3), ('tv mount', 'overall', 'would be 5 stars', 0.8), ('tv mount', 'install', 'easy install', 0.7), ('tv mount', 'performance', 'works well', 0.7), ('tv mount', 'build quality', 'feels solid', 0.7)]"
5,"High quality, solid connections",Great bright white color and solid connections. The combs are very difficult to install but it's worth it for those truly clean aesthetics.,"[('bright white color', 'null', 'great', 1.0), ('connections', 'null', 'solid', 1.0), ('combs', 'install', 'difficult', -1.0), ('combs', 'aesthetics', 'clean', 1.0), ('combs', 'aesthetics', 'worth it', 1.0)]","[('great bright white color', 'color', 'great', 1.0), ('solid connections', 'connections', 'solid', 1.0), ('combs', 'install', 'difficult', -1.0), ('truly clean aesthetics', 'aesthetics', 'clean', 1.0)]","[('combs', 'installation', 'very difficult', -1.0), ('combs', 'null', 'truly clean aesthetics', 1.0), ('connections', 'null', 'solid', 1.0), ('color', 'null', 'great bright white', 1.0)]","[('color', 'color', 'great bright white', 0.8), ('connections', 'connections', 'solid connections', 0.7), ('combs', 'installation', 'very difficult to install', -0.7), ('aesthetics', 'aesthetics', 'truly clean aesthetics', 0.9)]"
4,"Nice card, a bit loud when fans are maxed",Beautiful card. Runs well and seems solid. My only complaint is when it winds up to full speed it's a bit loud and when it's at full load it gets hot with the stock fan curve. Stays below 60 when fans are blasting though.,"[('card', 'null', 'runs well', 0.8), ('card', 'solid', 'seems solid', 0.7), ('card', 'loud', 'a bit loud', -0.5), ('card', 'hot', 'gets hot', -0.6), ('card', 'fans', 'fans are blasting', 0.5), ('card', 'temperature', 'stays below 60', 0.9)]","[('card', 'null', 'beautiful', 1.0), ('card', 'performance', 'runs well', 1.0), ('card', 'quality', 'seems solid', 1.0), ('card', 'noise', 'loud', -1.0), ('card', 'temperature', 'gets hot', -1.0), ('card', 'temperature', 'below 60', 1.0)]","[('card', 'null', 'beautiful', 1.0), ('card', 'null', 'runs well', 1.0), ('card', 'null', 'seems solid', 1.0), ('card', 'null', 'a bit loud', -1.0), ('card', 'null', 'gets hot', -1.0), ('card', 'fan curve', 'stays below 60', 1.0)]","[('card', 'performance', 'runs well', 0.8), ('card', 'build quality', 'seems solid', 0.7), ('card', 'noise level', 'bit loud', -0.5), ('card', 'temperature', 'gets hot', -0.6), ('card', 'cooling', 'stays below 60', 0.7)]"
4,Great gadget/gift for the person who has everything!,"Cute gadget. Gave it to my 28 year old son to try first (as I can sometimes be technically challenged). It was easy to set up an within minutes he was using it (to the delight of his 5 year old daughter). No complaints except for the battery life. Didn't seem like he used it for more than an hour that he had to recharge. I think Parrot should do something to extend on this if they expect to attract a sizeable crowd purchasing same. I will say that it would make a great gift to give the person who seems to have everything as it is clever and definitely a conversation piece. Holiday giving would work especially to be under the tree for the difficult to buy for sure. I would just keep in mind the battery life. As a closing comment, I am now the proud owner of this minidrone and I must admit this 50 something women just loves to play with it (to this dismay of my cat who would love to get her paws on this, lol)","[('gadget', 'appearance', 'cute', 1.0), ('gadget', 'setup', 'easy', 1.0), ('gadget', 'null', 'delight', 1.0), ('gadget', 'battery life', 'complaints', -1.0), ('gadget', 'battery life', 'short', -1.0), ('gadget', 'null', 'great gift', 1.0), ('gadget', 'null', 'clever', 1.0), ('gadget', 'null', 'conversation piece', 1.0), ('gadget', 'battery life', 'keep in mind', -1.0), ('minidrone', 'null', 'loves to play', 1.0)]","[('gadget', 'null', 'cute', 1.0), ('gadget', 'ease of setup', 'easy to set up', 1.0), ('gadget', 'usability', 'using it', 1.0), ('battery life', 'null', 'short', -1.0), ('gadget', 'null', 'great gift', 1.0), ('gadget', 'null', 'clever', 1.0), ('gadget', 'null', 'conversation piece', 1.0), ('gadget', 'battery life', 'short', -1.0), ('gadget', 'null', 'loves to play', 1.0)]","[('parrot', 'null', 'should do something', -1.0), ('parrot', 'null', 'attract a crowd', -1.0), ('parrot', 'null', 'expect to purchase', -1.0), ('parrot', 'null', 'has everything', 1.0), ('parrot', 'null', 'clever', 1.0), ('parrot', 'null', 'conversation piece', 1.0), ('parrot', 'battery life', 'not good', -1.0), ('parrot', 'battery life', 'not enough', -1.0), ('parrot', 'null', 'great gift', 1.0), ('parrot', 'null', 'easy to set up', 1.0), ('parrot', 'null', 'delightful', 1.0), ('parrot', 'null', 'loves to play', 1.0)]","[('gadget', 'null', 'cute gadget', 0.8), ('gadget', 'null', 'clever gadget', 0.7), ('gadget', 'null', 'conversation piece', 0.6), ('gadget', 'battery life', 'short battery life', -0.7), ('gadget', 'null', 'great gift', 0.8), ('gadget', 'null', 'easy to set up', 0.7)]"
4,Nice cover for my Kindle,"Fits well, protects well and is an attractive cover for my 7"" Kindle. If there was any downside it's the smell. I hate that faux leather smell. I am thinking that over time, hopefully, it will lose the plastic/rubbery smell.","[('cover', 'fit', 'fits well', 1.0), ('cover', 'protection', 'protects well', 1.0), ('cover', 'appearance', 'attractive', 1.0), ('cover', 'smell', 'hate that faux leather smell', -1.0), ('cover', 'smell', 'plastic/rubbery smell', -1.0)]","[('cover', 'fit', 'fits well', 1.0), ('cover', 'protection', 'protects well', 1.0), ('cover', 'appearance', 'attractive', 1.0), ('cover', 'smell', 'smell bad', -1.0)]","[('cover', 'attractiveness', 'an attractive', 1.0), ('cover', 'null', 'protects well', 1.0), ('cover', 'null', 'fits well', 1.0), ('cover', 'smell', 'hate that', -1.0), ('cover', 'smell', 'plastic/rubbery smell', -1.0)]","[('cover', 'fit', 'fits well', 0.8), ('cover', 'protection', 'protects well', 0.8), ('cover', 'appearance', 'attractive cover', 0.7), ('cover', 'smell', 'hate that smell', -0.9)]"
4,"Great camera for the money - good, solid features","I want to begin by saying I own a Canon Rebel which I love and use all the time. I wanted to get a second camera which also took great pictures but that was lower priced and better for me to take on extended travel without all my lenses). The Fujifilm FinePix is a good camera. For around the $200 price range, you get a high quality camera with good picture taking quality (14 MP, EVF, 30 times zoom capability). It is easy to learn and use and makes an excellent entry level camera with high quality features (would make a great graduation gift for a high schooler to introduce them to a higher level of picture taking than a simple point and shoot). It is a little large and plasticy, but overall I do recommend it for a good second camera or, as I mentioned, to someone looking to enter the SLR market (but not ready to spend $600+).","[('canon rebel', 'null', 'love', 1.0), ('fujifilm finepix', 'picture taking quality', 'good', 1.0), ('fujifilm finepix', 'price range', 'good', 1.0), ('fujifilm finepix', 'ease of use', 'easy to learn and use', 1.0), ('fujifilm finepix', 'size', 'a little large', -0.3), ('fujifilm finepix', 'material', 'plasticy', -0.3), ('fujifilm finepix', 'null', 'recommend', 1.0), ('fujifilm finepix', 'null', 'high quality features', 1.0)]","[('canon rebel', 'null', 'love and use', 1.0), ('fujifilm finepix', 'price range', 'lower priced', 1.0), ('fujifilm finepix', 'picture taking quality', 'good picture taking', 1.0), ('fujifilm finepix', '30 times zoom capability', 'good zoom', 1.0), ('fujifilm finepix', 'ease of use', 'easy to learn and use', 1.0), ('fujifilm finepix', 'quality features', 'high quality features', 1.0), ('fujifilm finepix', 'size', 'large', -1.0), ('fujifilm finepix', 'build quality', 'plasticy', -1.0), ('fujifilm finepix', 'null', 'recommend', 1.0)]","[('canon rebel', 'null', 'i love', 1.0), ('fujifilm finepix', 'null', 'good', 1.0), ('fujifilm finepix', 'picture taking quality', 'great', 1.0), ('fujifilm finepix', 'price', 'lower priced', 1.0), ('fujifilm finepix', 'size', 'large', -1.0), ('fujifilm finepix', 'material', 'plasticy', -1.0), ('fujifilm finepix', 'quality', 'high quality', 1.0), ('fujifilm finepix', 'features', 'high quality', 1.0), ('fujifilm finepix', 'price', 'good', 1.0)]","[('canon rebel', 'null', 'i love', 1.0), ('fujifilm finepix', 'price', 'lower priced', -1.0), ('fujifilm finepix', 'picture taking quality', 'good picture taking quality', 1.0), ('fujifilm finepix', 'zoom capability', '30 times zoom capability', 1.0), ('fujifilm finepix', 'ease of use', 'easy to learn and use', 1.0), ('fujifilm finepix', 'null', 'excellent entry level camera', 1.0), ('fujifilm finepix', 'size', 'a little large', -0.5), ('fujifilm finepix', 'material', 'plasticy', -0.5), ('fujifilm finepix', 'null', 'do recommend it', 1.0)]"
4,Amazing sound - It's a Bose!,"First for the pros: Beautiful looking, sleek, shiny and artfully designed to fit any style room. Relatively easy to install (being a non-techy person I actually followed the verbal audio instructions easily and flawlessly). The wireless woofer is an asset with no ugly wires (as my previous Panasonic system had)and amazing (loud) bass tones. The sound is amazing (which I expected from Bose). The cons: I am having a difficult time using the remote control which is supposed to act as an all-in-one device (supposedly so I can get rid of all these little dedicated remotes I have for the DVD, television, cable, etc). For whatever reason, the device sticks frequently or doesn't respond to commands and I end up reverting back to the old standby remotes. I am disappointed that a company like Bose couldn't have perfected something like this better. But then I keep thinking, maybe I did something wrong, not sure. The only other con is the price. If this was in a $700-1000 range I would tell you to snatch it up in a heartbeat. But for $1500 you are honestly paying for the name (and the status symbol bragging rights to say you own a Bose system). Wait for the price to come down and grab it. You honestly won't be disappointed with the sound quality nor the set up (and, who knows, maybe it's me in not being able to get the remote to work properly with all my other devices).","[('bose system', 'appearance', 'beautiful looking', 1.0), ('bose system', 'installation', 'easy to install', 1.0), ('bose system', 'wireless woofer', 'amazing', 1.0), ('bose system', 'sound', 'amazing', 1.0), ('remote control', 'functionality', 'sticks frequently', -1.0), ('remote control', 'response', ""doesn't respond to commands"", -1.0), ('bose system', 'remote control', 'disappointed', -1.0), ('bose system', 'price', 'overpriced', -1.0), ('bose system', 'name', 'worth the name', 1.0), ('bose system', 'status symbol', 'status symbol', 0.0)]","[('bose system', 'design', 'beautiful looking', 1.0), ('bose system', 'installation', 'easy to install', 1.0), ('wireless woofer', 'wiring', 'no ugly wires', 1.0), ('wireless woofer', 'bass tones', 'amazing bass', 1.0), ('bose system', 'sound', 'amazing sound', 1.0), ('remote control', 'functionality', 'difficult to use', -1.0), ('remote control', 'responsiveness', ""doesn't respond"", -1.0), ('bose', 'remote control', 'not perfected', -1.0), ('bose system', 'price', 'expensive', -1.0), ('bose system', 'sound quality', ""won't be disappointed"", 1.0), ('bose system', 'set up', 'easy set up', 1.0)]","[('bose system', 'design', 'beautiful looking', 1.0), ('bose system', 'design', 'sleek', 1.0), ('bose system', 'design', 'shiny', 1.0), ('bose system', 'design', 'artfully designed', 1.0), ('bose system', 'install', 'easy', 1.0), ('bose system', 'install', 'flawlessly', 1.0), ('bose system', 'wireless woofer', 'asset', 1.0), ('bose system', 'wireless woofer', 'amazing', 1.0), ('bose system', 'bass tones', 'amazing', 1.0), ('bose system', 'sound', 'amazing', 1.0), ('bose system', 'remote control', 'difficult', -1.0), ('bose system', 'remote control', 'stuck', -1.0), ('bose system', 'remote control', ""doesn't respond"", -1.0), ('bose system', 'price', 'disappointed', -1.0), ('bose system', 'price', 'expensive', -1.0), ('bose system', 'price', 'status symbol', -1.0)]","[('bose system', 'design', 'beautiful looking', 1.0), ('bose system', 'design', 'sleek, shiny', 1.0), ('bose system', 'installation', 'relatively easy', 1.0), ('bose system', 'woofer', 'no ugly wires', 1.0), ('bose system', 'woofer', 'amazing bass', 1.0), ('bose system', 'sound', 'amazing sound', 1.0), ('bose system', 'remote control', 'difficult to use', -1.0), ('bose system', 'remote control', 'sticks frequently', -1.0), ('bose system', 'remote control', ""doesn't respond"", -1.0), ('bose system', 'price', 'too expensive', -1.0), ('bose system', 'null', 'paying for the name', -1.0)]"
2,Definitely not an ipod,"Let me start by saying I got the Philip's Gogear as part of the Vine program. I have always used an Ipod, so this was new for me. I really had serious issues with using this device. First for the positives: it's an attractive size and the display is clear. On the downside, I found it difficult to navigate. I also experience, while running, the jostling of the settings (meaning that all of a sudden it skipped to the next song). I had a real problem with that, so I stopped using it. Figure I can give the device to a kid or someone who doesn't jog or require any kind of non-static device. So, I rated this two stars thinking that maybe someone who doesn't exercise and is simply listening to music might have a use for this, but I am returning to my Apple.","[(""philip's gogear"", 'size', 'attractive', 0.8), (""philip's gogear"", 'display', 'clear', 0.8), (""philip's gogear"", 'navigation', 'difficult', -0.8), (""philip's gogear"", 'settings', 'jostling', -0.8), (""philip's gogear"", 'null', 'exercising', -0.5)]","[(""philip's gogear"", 'size', 'attractive', 1.0), (""philip's gogear"", 'display', 'clear', 1.0), (""philip's gogear"", 'navigation', 'difficult', -1.0), (""philip's gogear"", 'jostling of settings', 'problematic', -1.0), (""philip's gogear"", 'null', 'not for jogging', -1.0), (""philip's gogear"", 'null', 'returning to apple', -1.0)]","[(""philip's gogear"", 'size', 'attractive', 1.0), (""philip's gogear"", 'display', 'clear', 1.0), (""philip's gogear"", 'null', 'difficult to navigate', -1.0), (""philip's gogear"", 'null', 'jostling of settings', -1.0), (""philip's gogear"", 'null', 'problem', -1.0), (""philip's gogear"", 'null', 'useful', 0.0)]","[(""philip's gogear"", 'size', 'attractive size', 0.8), (""philip's gogear"", 'display', 'clear display', 0.8), (""philip's gogear"", 'navigation', 'difficult to navigate', -0.7), (""philip's gogear"", 'functionality', 'settings jostling', -0.9)]"
4,Probably great for a professional,"I was in the market for a new camera and when I saw this bag in the Vine program I thought I would snap it up. I did get my Canon Rebel (thanks Amazon!) and several lenses to boot (in preparation for my trip this month to Israel). Although the quality of the bag is good, the size to me is really inconvenient. First, it is shaped like a back pack, which makes it kind of big. I am not sure if I am going to be able to bring this on the plane with me (as the boarding guidelines state 1 carry-on and I have a purse and laptop I am bringing). In addition, there are straps and zippered compartments which are not really conveniently placed. It's not an easy bag to get your gear in and out of. I see this bag as a great tool to have if you are backpacking as you have a place to hang a tripod and there is a small storage area if you wanted to bring a snack with you. But for someone like me, who wants it for sightseeing/traveling, I think a more conventional camera bag would have done the trick better.","[('bag', 'quality', 'good', 0.8), ('bag', 'size', 'inconvenient', -0.6), ('bag', 'shape', 'big', -0.5), ('bag', 'straps', 'not conveniently placed', -0.7), ('bag', 'compartment placement', 'not conveniently placed', -0.7), ('bag', 'null', 'great tool', 0.9), ('bag', 'null', 'better', -0.3)]","[('bag', 'quality', 'good', 0.7), ('bag', 'size', 'inconvenient', -0.7), ('bag', 'shape', 'big', -0.5), ('bag', 'straps', 'not conveniently placed', -0.6), ('bag', 'zippered compartments', 'not conveniently placed', -0.6), ('bag', 'ease of use', 'not easy', -0.7), ('bag', 'null', 'great tool', 0.8), ('bag', 'null', 'not suitable', -0.8)]","[('canon rebel', 'null', 'great tool', 1.0), ('canon rebel', 'null', 'great', 1.0), ('bag', 'size', 'really inconvenient', -1.0), ('bag', 'size', 'big', -1.0), ('bag', 'shape', 'kind of big', -1.0), ('bag', 'straps', 'not really conveniently placed', -1.0), ('bag', 'zippered compartments', 'not really conveniently placed', -1.0), ('bag', 'ease of use', 'not easy', -1.0), ('bag', 'ease of use', 'easy', 0.0)]","[('bag', 'size', 'really inconvenient', -0.8), ('bag', 'shape', 'kind of big', -0.6), ('bag', 'straps and zippered compartments', 'not conveniently placed', -0.7), ('bag', 'convenience', 'not an easy bag', -0.6), ('bag', 'null', 'great tool to have', 0.8), ('bag', 'tripod hanging', 'place to hang a tripod', 0.6), ('bag', 'storage area', 'small storage area', 0.4), ('bag', 'null', 'more conventional camera bag', -0.7)]"
4,Nice case for the price,"I agree with most of the other reviews on here. The case is really quite nice, well made quality leather and fits the ipod snugly. Makes a beautiful, classy appearance to the eye. Only complaint is the fact that you have to remove the ipod from the case (which is not an easy task) every time you want to connect it to your computer. I haven't been as daring as everyone else in trying to 'doctor' up the case (by slicing through the leather) and don't think I will try it. I will use it as is.","[('case', 'quality', 'nice', 0.8), ('case', 'material', 'leather', 0.6), ('case', 'fit', 'snugly', 0.7), ('case', 'appearance', 'beautiful, classy', 0.9), ('case', 'null', 'have to remove ipod', -0.5), ('case', 'null', 'not easy task', -0.6)]","[('case', 'quality', 'well made', 1.0), ('case', 'fit', 'snugly', 1.0), ('case', 'appearance', 'beautiful', 1.0), ('case', 'appearance', 'classy', 1.0), ('case', 'removal', 'not easy', -1.0)]","[('ipod', 'quality', 'well made', 1.0), ('ipod', 'quality', 'beautiful', 1.0), ('ipod', 'quality', 'classy', 1.0), ('case', 'leather', 'nice', 1.0), ('case', 'design', 'beautiful', 1.0), ('case', 'usability', 'not easy', -1.0)]","[('case', 'quality', 'well made quality', 0.8), ('case', 'appearance', 'beautiful, classy', 0.8), ('case', 'usability', 'not an easy task', -0.6)]"
3,The sound quality is good but the plastic part that goes around the ear ...,"It could just be my ear, but it felt as if it were going to fall off every time I moved my head.  The sound quality is good but the plastic part that goes around the ear hurts your head after a while.","[('plastic part', 'null', 'hurts your head', -1.0), ('sound quality', 'null', 'good', 1.0)]","[('earphones', 'fit', 'uncomfortable fit', -0.8), ('earphones', 'sound quality', 'good quality', 0.7), ('earphones', 'plastic part', 'causes pain', -0.9)]","[('headphones', 'design', 'hurts your head', -1.0), ('headphones', 'design', 'hurts after a while', -1.0), ('headphones', 'sound quality', 'good', 1.0)]","[('earphone', 'design', 'felt going to fall', -0.8), ('earphone', 'plastic part', 'hurts your head', -0.7), ('earphone', 'null', 'sound quality is good', 0.7)]"
