text,pred_tuples_zero_shot,pred_tuples_few_shot
"First & most offensive: they reek of gasoline so if you are sensitive/allergic to petroleum products like I am you will want to pass on these.  Second: the phone adapter is useless as-is. Mine was not drilled far enough to be able to tighten it into place for my iPhone 12 max. It just slipped & slid all over. Stupid me putting the adapter together first without picking up the binoculars to smell them bc I wasted 15 minutes trying to figure out how to put the adapter together bc it does not come with instructions!  I had to come back here to the website which was a total pain. Third: the tripod is also useless. I would not trust the iOS to hold my $1600 phone nor even a Mattel Barbie for that matter. It’s just inefficient for the job imo.  Third: in order to try to give an honest review I did don gloves & eyewear to check the binoculars out.  They seemed average except for mine seemed to be missing about 10% of the film costing in the lower edge of one of the lenses which would have ruined every video & photograph unplanned to take so for me these are a very huge hard pass.  I expect the accessories that come with the main product to be as good or better than the product I’m buying. Otherwise I would just buy the product as a stand alone.  Sadly, I found a decent pair of binoculars last year with a much better quality phone adapter & tripod, but they had a defect too.  Guess I’m going to have to pay more.  Ugh.","[('binoculars', 'smell', 'reek of gasoline', -1.0), ('phone adapter', 'quality', 'useless', -1.0), ('phone adapter', 'instructions', 'does not come with', -1.0), ('tripod', 'quality', 'useless', -1.0), ('ios', 'stability', 'would not trust', -1.0), ('binoculars', 'quality', 'average', 0.0), ('binoculars', 'quality', 'huge hard pass', -1.0), ('binoculars', 'quality', 'decent', 1.0), ('phone adapter', 'quality', 'better', 1.0), ('tripod', 'quality', 'better', 1.0)]","[('binoculars', 'smell', 'reek of gasoline', -1.0), ('phone adapter', 'quality', 'useless', -1.0), ('phone adapter', 'instructions', 'does not come with', -1.0), ('tripod', 'quality', 'useless', -1.0), ('tripod', 'efficiency', 'inefficient', -1.0), ('binoculars', 'quality', 'average', -0.5), ('binoculars', 'film quality', 'missing', -1.0), ('binoculars', 'value', 'huge hard pass', -1.0), ('accessories', 'quality', 'as good or better', 1.0)]"
"These didn’t work. Idk if they were damaged in shipping or what, but the lenses were loose or something. I could see half a lens with its edge in the frame and the rest was missing. It looked like it came loose or was broken.","[('lenses', 'quality', ""didn't work"", -1.0), ('shipping', 'null', 'damaged', -1.0), ('lenses', 'quality', 'loose', -1.0), ('lenses', 'quality', 'broken', -1.0)]","[('lenses', 'quality', 'loose', -1.0), ('lenses', 'quality', 'broken', -1.0), ('shipping', 'null', 'damaged', -1.0)]"
"I love these. They even come with a carry case and several sizes of ear bud inserts. Thank heaven!  I get ear pain from most, but the smallest buds fit great.  They also have a charger and all of it fits in the carry case. I just wish they came in more colors preferably something bright!  When I leave them on my nightstand it takes a while to figure out which of half a dozen black cables are the right ones. Even white would be ok as only my iPhone has a white cord.","[('ear bud inserts', 'size', 'fit great', 1.0), ('ear bud inserts', 'null', 'cause ear pain', -1.0), ('charger', 'null', 'null', 0.0), ('carry case', 'null', 'null', 0.0), ('cables', 'color', 'hard to figure out', -1.0)]","[('ear buds', 'null', 'love', 1.0), ('ear buds', 'null', 'great', 1.0), ('ear buds', 'cables', 'right', 1.0), ('ear buds', 'cables', 'black', -0.5), ('ear buds', 'colors', 'bright', 1.0), ('charger', 'null', 'null', 0.0), ('carry case', 'null', 'null', 0.0)]"
"I was searching for a sturdy backpack for school that would allow me to carry my laptop as well as schoolbooks. After reading many of the reviews of this bag, I placed my order and crossed my fingers. I shouldn't have worried; it's a great bag! Solidly built and traveler-friendly with a ton of compartments for every little thing one might need to stow away. While this backpack is slightly larger than your average backpack, it is comfortable to wear trekking cross campus. Also, another aspect of this bag that I love is that it stands upright. I know that sounds kinda crazy, but I find it annoying when your backpack flops over next to your desk and stuff kind of just falls out, or if you need to grab something quickly out of the bag you have to awkwardly curl your body around the side of your chair and then on the way up, smash your head against the desk. So yeah, lazy girl (points to self) loves the convenience of a bag that stands upright for easy grabbage. I plan to travel with this backpack when I fly home this Christmas instead of bringing a bulky tote bag on the plane.","[('backpack', 'sturdiness', 'great', 1.0), ('backpack', 'build', 'solid', 1.0), ('backpack', 'compartments', 'ton', 1.0), ('backpack', 'size', 'larger', -1.0), ('backpack', 'comfort', 'comfortable', 1.0), ('backpack', 'design', 'convenience', 1.0), ('backpack', 'null', 'great', 1.0)]","[('backpack', 'sturdy', 'great', 1.0), ('backpack', 'solidly built', 'great', 1.0), ('backpack', 'traveler-friendly', 'great', 1.0), ('backpack', 'compartments', 'many', 1.0), ('backpack', 'size', 'larger', -0.5), ('backpack', 'comfortable', 'great', 1.0), ('backpack', 'stands upright', 'love', 1.0), ('backpack', 'convenience', 'great', 1.0)]"
I've bought these headphones three times because I love them so much and overuse them and find ways to break the plug to where I can't use my warranty. The sound and bass are awesome. Hands down my favorite headphones in this price bracket.,"[('headphones', 'null', 'love them so much', 1.0), ('headphones', 'null', 'find ways to break', -1.0), ('headphones', 'sound', 'awesome', 1.0), ('headphones', 'bass', 'awesome', 1.0), ('headphones', 'price', 'null', 1.0)]","[('headphones', 'null', 'love', 1.0), ('headphones', 'null', 'favorite', 1.0), ('headphones', 'sound', 'awesome', 1.0), ('headphones', 'bass', 'awesome', 1.0), ('headphones', 'price', 'null', 1.0), ('warranty', 'null', ""can't use"", -1.0)]"
"Light weight, quiet and totally awesome!!! It doesn’t come with a charging base, but the cord ends in a USB so you can plug it into a phone charger or portable charger. Anything with USB! It’s  so light and works great! It’s really quiet also!!!","[('charger', 'weight', 'totally awesome', 1.0), ('charger', 'noise', 'really quiet', 1.0), ('charger', 'accessories', ""doesn't come with a charging base"", -1.0), ('charger', 'portability', 'works great', 1.0)]","[('charger', 'weight', 'light', 1.0), ('charger', 'noise', 'quiet', 1.0), ('charger', 'feature', 'awesome', 1.0)]"
Update 2-they sent a new warranty replacement. Good company.<br />Update-  was 5 star until they left headphone died after 1.5 years.  Will contact support.<br />old:<br />love them.  a bit noisy when you're jogging.  but solid for biking or chilling around the house,"[('company', 'null', 'good company', 1.0), ('company', 'null', 'good', 1.0), ('headphones', 'null', 'solid', 1.0), ('headphones', 'null', 'a bit noisy', -1.0), ('headphones', 'null', 'love them', 1.0)]","[('company', 'null', 'good', 1.0), ('headphone', 'null', 'died', -1.0), ('headphone', 'noise', 'noisy', -0.8), ('headphone', 'quality', 'solid', 0.8)]"
These are fantastic headphones and I love that i can have my cell phone plugged in at a central location in my house and walk around the house and still listen to music or my book. the range for me is about 30' and the headphones will disconnect if i go outside and then reconnect when i get close to my phone again. If my phone is in my pocket it will stay connected where ever i go. I love listening to things without being attached or tethered to my phone. It also makes it harder for my kids to pull the earphones out of my ears when there is no long cord attached to my phone. I love the 1 click pause feature so i can quickly pause what i am listening to talk to someone (i don't have to go find my phone and swipe and pause). They are comfortable and stay on really well for my ears. I have taken them running and they stayed on as well. I had an issue about 1 year after I bought the headphones and the customer service was wonderful and understanding. really great product and I will continue to purchase and recommend these to my friends.,"[('headphones', 'range', 'fantastic', 1.0), ('headphones', 'null', 'love', 1.0), ('headphones', 'null', 'great', 1.0), ('headphones', 'null', 'comfortable', 1.0), ('headphones', 'null', 'stay on', 1.0), ('headphones', 'null', 'wonderful', 1.0), ('customer service', 'null', 'wonderful', 1.0), ('product', 'null', 'great', 1.0)]","[('headphones', 'range', 'fantastic', 1.0), ('headphones', 'range', ""about 30'"", 0.8), ('headphones', 'connection', 'will disconnect', -1.0), ('headphones', 'connection', 'reconnect', 1.0), ('headphones', 'comfort', 'comfortable', 1.0), ('headphones', 'staying on', 'stay on', 1.0), ('headphones', 'product', 'great', 1.0), ('customer service', 'service', 'wonderful', 1.0), ('product', 'null', 'really great', 1.0), ('product', 'null', 'will continue to purchase', 1.0), ('product', 'null', 'recommend', 1.0)]"
pretty good for the price.,"[('product', 'price', 'pretty good', 1.0)]","[('price', 'null', 'good', 0.7)]"
yes.. so good.  just buy it. my favorite feature is it auto connects and remembers my devices.,"[('it', 'null', 'so good', 1.0), ('it', 'null', 'just buy it', 1.0), ('it', 'null', 'my favorite feature', 1.0), ('it', 'null', 'auto connects', 1.0), ('it', 'null', 'remembers my devices', 1.0)]","[('it', 'null', 'good', 1.0), ('it', 'null', 'favorite', 1.0), ('it', 'null', 'auto connects', 1.0), ('it', 'null', 'remembers', 1.0), ('it', 'null', 'devices', 1.0)]"
This devices brought my wifi network to its knees. Not sure why this has good reviews. My devices had a hard time connecting. And even if my devices weren't connected it would hog a bunch of bandwidth and slow the whole network. I personally would just buy an AirPort Extreme. That solved range problems for me.,"[('this devices', 'null', 'brought my wifi network to its knees', -1.0), ('this devices', 'null', 'hog a bunch of bandwidth', -1.0), ('this devices', 'null', 'slow the whole network', -1.0), ('airport extreme', 'null', 'solved range problems', 1.0)]","[('device', 'null', 'brought my wifi network to its knees', -1.0), ('reviews', 'null', 'good', -1.0), ('device', 'null', 'had a hard time connecting', -1.0), ('device', 'null', 'hog a bunch of bandwidth', -1.0), ('device', 'null', 'slow the whole network', -1.0), ('airport extreme', 'null', 'solved range problems', 1.0)]"
"Works well, but the corner of the plastic cracked and is broken after a month or so. I think at least 2 of the plastic corners are cracked now. still works but wish it was higher quality.","[('product', 'quality', 'higher quality', 1.0), ('product', 'null', 'works well', 1.0), ('product', 'quality', 'broken', -1.0)]","[('product', 'quality', 'higher', -0.5), ('product', 'quality', 'cracked', -1.0)]"
legit.  love them.  I play with 1 in fully and 1 ear in 1/2.  really nice.  good product.  buy rechargeable batteries to go with them you'll save $$$,"[('batteries', 'null', 'really nice', 1.0), ('product', 'null', 'good', 1.0)]","[('batteries', 'rechargeable', 'good', 1.0), ('product', 'null', 'nice', 1.0), ('product', 'null', 'good', 1.0), ('product', 'null', 'legit', 1.0)]"
"this really deserves 3 stars.  its not terrible, but its not great.  first is sound quality.  its not terrible.  2nd is limited distance.  its not terrible, but not great.<br /><br />I wish I had found a better product.","[('product', 'sound quality', 'not terrible', 0.0), ('product', 'distance', 'not great', -0.5)]","[('product', 'sound quality', 'not terrible', 0.2), ('product', 'distance', 'not great', -0.5)]"
These work great for 8x10 frames.,"[('work', 'null', 'these work great', 1.0), ('frames', 'null', 'these work great for', 1.0)]","[('frames', 'null', 'great', 1.0)]"
Bought to get stronger WIFI to my upstairs level & it works great! Great value for the price!,"[('router', 'performance', 'works great', 1.0), ('router', 'value', 'great value', 1.0)]","[('wifi', 'strength', 'works great', 1.0), ('product', 'value', 'great', 1.0), ('product', 'price', 'for the price', 0.5)]"
This is the 3rd Sony Blu Ray player I have bought & have been impressed with them all. My kids love the wi fi streaming options.,"[('sony blu ray player', 'null', 'impressed with them all', 1.0), ('wi fi streaming options', 'null', 'kids love', 1.0)]","[('sony blu ray player', 'null', 'impressed', 1.0), ('wi fi streaming options', 'null', 'love', 1.0)]"
Love Otterbox cases. These have protected my 7 & 9 year old's IPods with lots of drops & wear & tear.,"[('otterbox cases', 'null', 'love', 1.0), ('otterbox cases', 'null', 'protected', 1.0), ('ipods', 'null', 'protected', 1.0), ('ipods', 'null', 'wear & tear', -1.0)]","[('otterbox cases', 'null', 'love', 1.0), ('otterbox cases', 'null', 'protected', 1.0), ('ipods', 'null', 'protected', 1.0), ('ipods', 'null', 'lots', 0.5), ('ipods', 'null', 'drops', -1.0), ('ipods', 'null', 'wear', -1.0), ('ipods', 'null', 'tear', -1.0)]"
great product. high quality. fits perfectly.,"[('product', 'quality', 'high quality', 1.0), ('product', 'null', 'great', 1.0), ('product', 'fit', 'perfectly', 1.0)]","[('product', 'quality', 'high', 1.0), ('product', 'fit', 'perfectly', 1.0)]"
Pretty cool!!!<br /><br />Thanks Amazon.,"[('amazon', 'null', 'pretty cool', 1.0)]","[('amazon', 'null', 'cool', 1.0)]"
It came in quickly.  My son and grandson put it together for me in about 3 or 4 hr.  Time out for dinner and couple of beers.  Back to putting it to finish and test it out.  TV hung perfectly.  Fit right in the same corner a much smaller stand was in Clean looks with the wires now.,"[('tv', 'null', 'looks good', 1.0), ('tv', 'null', 'hung perfectly', 1.0), ('tv', 'null', 'fit right in', 1.0), ('stand', 'null', 'much smaller', -1.0)]","[('tv', 'delivery', 'came in quickly', 1.0), ('assembly process', 'null', 'easy', 1.0), ('tv', 'installation', 'hung perfectly', 1.0), ('tv', 'appearance', 'clean looks', 1.0), ('wires', 'null', 'null', 0.0)]"
"Just a normal cable, works great for my external monitor!","[('cable', 'null', 'works great', 1.0)]","[('cable', 'null', 'works great', 1.0)]"
"I love this alarm. Bright, nice tone. The system is a little confusing but the manual helps a lot. Once you get the hang of it you'll love it. It's a nice gentle way to wake up.","[('alarm', 'null', 'love this', 1.0), ('alarm', 'tone', 'nice', 1.0), ('system', 'null', 'a little confusing', -1.0), ('manual', 'null', 'helps a lot', 1.0), ('system', 'null', 'love it', 1.0), ('alarm', 'null', 'nice gentle way', 1.0)]","[('alarm', 'tone', 'nice', 1.0), ('alarm', 'null', 'love', 1.0), ('system', 'null', 'confusing', -1.0), ('manual', 'null', 'helps', 1.0), ('alarm', 'null', 'gentle', 1.0)]"
"Works great with my pixel 2, I can charge quickly while listening to music.","[('pixel 2', 'null', 'works great', 1.0), ('pixel 2', 'null', 'charge quickly', 1.0), ('pixel 2', 'null', 'listening to music', 1.0)]","[('pixel 2', 'null', 'works great', 1.0), ('charger', 'null', 'charge quickly', 1.0)]"
Works flawlessly! Great for music/podcasts and receiving calls. The microphone isn't set up that close to my face but still captures my voice clearly.,"[('iphone 15', 'null', 'works flawlessly', 1.0), ('iphone 15', 'null', 'great for music/podcasts', 1.0), ('iphone 15', 'null', 'receiving calls', 1.0), ('microphone', 'null', 'captures my voice clearly', 1.0), ('microphone', 'position', 'not set up that close', -1.0)]","[('device', 'null', 'works flawlessly', 1.0), ('device', 'null', 'great', 1.0), ('device', 'null', 'good', 1.0), ('microphone', 'setup', ""isn't set up"", -1.0), ('microphone', 'quality', 'captures my voice clearly', 1.0)]"
I am not sure how much protection this provides - certainly less than a camera bag - but it will protect against scratches and small bumps. It's fairly thin. It fits my Canon EOS Rebel T6i w/ kit lens very well - like a glove.,"[('camera bag', 'protection', 'less than', -1.0), ('camera bag', 'protection', 'good against scratches', 1.0), ('camera bag', 'protection', 'good against small bumps', 1.0), ('camera bag', 'thickness', 'fairly thin', 1.0), ('camera bag', 'fit', 'fits well', 1.0)]","[('protection', 'protection', 'less', -0.5), ('camera bag', 'protection', 'certainly more', 1.0), ('product', 'thickness', 'fairly thin', 0.2), ('product', 'fit', 'like a glove', 1.0)]"
"Awesome product, fits well on my mac. Would definitely recommend.","[('product', 'null', 'awesome', 1.0), ('product', 'null', 'definitely recommend', 1.0), ('product', 'null', 'fits well', 1.0)]","[('product', 'null', 'awesome', 1.0), ('product', 'null', 'definitely recommend', 1.0), ('product', 'fit', 'well', 1.0)]"
I believe the electrical boxes are made especially to fit in a recessed (in wall) TV mount fixture. That is perhaps why it is made narrower. In the comments I am not seeing anyone using it for this. I would love to hear if someone used it placed inside a recessed mount and how it worked.,"[('electrical boxes', 'design', 'made especially', 1.0), ('electrical boxes', 'design', 'narrower', 1.0)]","[('boxes', 'null', 'made', 1.0), ('boxes', 'width', 'narrower', 1.0)]"
Don't know why I didn't get one of these years ago..it's saving me $9 a month rental fee i was paying Comcast,"[('comcast', 'rental fee', 'saving me', 1.0)]","[('comcast', 'rental fee', 'high', -1.0), ('device', 'null', 'amazing', 1.0)]"
"Worked great for a vacation monitor. Had no issues with my MacBook. Good resolution, no dead pixels. Very easy to carry around","[('vacation monitor', 'null', 'worked great', 1.0), ('macbook', 'null', 'no issues', 1.0), ('resolution', 'null', 'good', 1.0), ('pixels', 'null', 'no dead', 1.0), ('portability', 'null', 'easy to carry', 1.0)]","[('vacation monitor', 'null', 'worked great', 1.0), ('macbook', 'null', 'no issues', 1.0), ('resolution', 'null', 'good', 0.7), ('pixels', 'null', 'dead', -1.0), ('monitor', 'portability', 'easy to carry around', 1.0)]"
"This has been a great headset for video conferencing all day. Comfort is great, mic quality is great and when I do play music it sounds great too.","[('headset', 'comfort', 'great', 1.0), ('headset', 'mic quality', 'great', 1.0), ('headset', 'sound quality', 'great', 1.0)]","[('headset', 'comfort', 'great', 1.0), ('headset', 'mic quality', 'great', 1.0), ('headset', 'music quality', 'great', 1.0)]"
Can easily hold 2 pairs of headphones and looks great!,"[('headphones', 'null', 'looks great', 1.0), ('headphones', 'null', 'easily hold', 1.0)]","[('headphones', 'null', 'looks great', 1.0), ('headphones', 'capacity', 'can easily hold', 1.0)]"
Sound quality of my dt 990 much improved compared to just hooking up to my phone. Would recommend to everyone. Small and easy to use,"[('dt 990', 'sound quality', 'much improved', 1.0), ('dt 990', 'null', 'would recommend', 1.0), ('dt 990', 'size', 'small', 1.0), ('dt 990', 'usability', 'easy to use', 1.0)]","[('dt 990', 'sound quality', 'much improved', 0.8), ('dt 990', 'size', 'small', 1.0), ('dt 990', 'usability', 'easy to use', 1.0)]"
These are incredible value for the money. All of the included parts have worked for a few months and are still in great quality. We use them at lunch for an hour each day with smash.,"[('included parts', 'quality', 'great', 1.0), ('product', 'value for money', 'incredible', 1.0)]","[('value', 'null', 'incredible', 1.0), ('parts', 'quality', 'great', 1.0)]"
"Stick great to my desk and provide ample spaces for all of my cords. The color coding is more useful than I thought originally. Since each one has two spots, I had enough for my desk and bed night stand.","[('cable organizers', 'stickiness', 'great', 1.0), ('cable organizers', 'space provision', 'ample', 1.0), ('color coding', 'usefulness', 'more useful', 1.0), ('cable organizers', 'quantity', 'enough', 1.0)]","[('cable organizers', 'stick', 'great', 1.0), ('cable organizers', 'spaces', 'ample', 1.0), ('cable organizers', 'color coding', 'useful', 1.0)]"
"This pair is fantastic for the price I paid(just over 50$) . There are a little long and tall which forced me to move my two fans around them, but that is more case design flaw than anything. I haven't had any issues with them and have used PNY for a long time.","[('pny', 'null', 'have used for a long time', 1.0), ('pny', 'null', ""haven't had any issues"", 1.0), ('pny', 'design', 'case design flaw', -1.0)]","[('pair', 'price', 'fantastic', 1.0), ('pair', 'design', 'case design flaw', -1.0)]"
Had for about a month now. Still running strong and keeping my twc ultimate internet on all 8 of my houses devices. Goes through three rooms and I'll lose just a small fraction of speed (10mbps loss for a ranch style house).,"[('router', 'speed', 'running strong', 1.0), ('router', 'speed', 'small fraction of speed loss', -1.0)]","[('router', 'speed', 'still running strong', 1.0), ('router', 'speed', 'small fraction of speed loss', -0.5)]"
"Very easy to configure, fits my 11.6&#34; Alienware very well. I can focus air on my Gpu and WASD keys to prevent from getting hot. Easy recommendation to anyone who needs a cooler for intense applications. My WASD keys barely get hot and my Gpu runs much more stable.","[('alienware', 'null', 'easy to configure', 1.0), ('alienware', 'null', 'easy recommendation', 1.0), ('cooler', 'null', 'easy to use', 1.0), ('wasd keys', 'null', 'barely get hot', 1.0), ('gpu', 'null', 'runs much more stable', 1.0)]","[('alienware', 'size', 'fits well', 1.0), ('cooler', 'null', 'easy recommendation', 1.0), ('wasd keys', 'temperature', 'barely get hot', 0.2), ('gpu', 'stability', 'runs much more stable', 1.0)]"
Everything works great on the hub with my Samsung Galaxy Pro S5e.,"[('samsung galaxy pro s5e', 'null', 'works great', 1.0)]","[('hub', 'null', 'works great', 1.0), ('samsung galaxy pro s5e', 'null', 'works great', 1.0)]"
Must visually confirm that connector is fully extended by looking at slide groove.  Mine seemed DOA until I realized that  it wasn't making electrical connection.,"[('connector', 'null', 'doa', -1.0), ('connector', 'null', 'fully extended', 1.0), ('connector', 'null', 'making electrical connection', -1.0)]","[('connector', 'null', 'doa', -1.0), ('connector', 'electrical connection', 'making', -1.0)]"
Any small screw dropped in my computer case seemed to end up inside the bottom mounted power supply.  This filter will keep them out.,"[('power supply', 'design', 'keep small screws out', 1.0)]","[('screw', 'null', 'small', -0.5), ('computer case', 'null', 'good', 1.0), ('power supply', 'null', 'good', 1.0)]"
Bought four of these to use in a RAID.  All four of the boxes had PN: 98D648 - 550 on the box.  When I installed one of the drives it was smaller than the others.  PN on smaller drive's label was 98J146 - 308 and it was called a Barracuda 7200.10.  Larger drives were Barracuda 7200.11 9BX154 - 303 on the drive label.  Returned it and will check the replacement when it arrives.<br /><br />7/3/08 Received replacement drive and it was Barracuda 7200.11 9BX154 - 303.,"[('western digital', 'product quality', 'poor quality', -1.0), ('western digital', 'product quality', 'good quality', 1.0)]","[('drive', 'size', 'smaller', -1.0), ('drive', 'label', 'called', 0.0), ('drive', 'label', 'labeled', 0.0), ('drive', 'quality', 'good', 1.0)]"
Thin material but perfect to hang for a photo backdrop. Very happy!,"[('material', 'quality', 'perfect', 1.0), ('material', 'quality', 'thin', -1.0), ('product', 'null', 'happy', 1.0)]","[('material', 'null', 'thin', 0.5), ('material', 'null', 'perfect', 1.0), ('product', 'null', 'happy', 1.0)]"
Arrived damaged,"[('iphone 15', 'null', 'arrived damaged', -1.0)]","[('package', 'condition', 'damaged', -1.0)]"
Fast charging,"[('fast charging', 'null', 'very good', 1.0)]","[('charging', 'null', 'fast', 1.0)]"
This product is as good as advertised. The cost is attractive; considering you will likely replace them again in the future. I’ve attached a pic of the old and newly installed pads for comparison.,"[('product', 'null', 'as good as advertised', 1.0), ('product', 'cost', 'attractive', 1.0)]","[('product', 'quality', 'as good as advertised', 1.0), ('cost', 'null', 'attractive', 1.0)]"
Good cord. 15ft is exactly what I wanted.,"[('cord', 'length', 'exactly what i wanted', 1.0)]","[('cord', 'length', 'exactly what i wanted', 1.0)]"
Fits my MacBook Air perfectly! Has a soft touch. Great product.,"[('macbook air', 'null', 'fits perfectly', 1.0), ('macbook air', 'null', 'great product', 1.0), ('touch', 'null', 'soft', 1.0)]","[('product', 'null', 'great', 1.0), ('product', 'touch', 'soft', 1.0)]"
"DO NOT BUY THIS PRODUCT!! The first time I zipped the first pouch, the zipper broke. I tried another one, same thing,  zipper broke on the first try. HORRIBLE!!!","[('product', 'null', 'do not buy', -1.0), ('product', 'null', 'horrible', -1.0), ('product', 'zipper', 'broke', -1.0)]","[('product', 'null', 'horrible', -1.0), ('zipper', 'null', 'broke', -1.0)]"
Not very accurate in tracking steps taken.  Wrist band started coming off after 3 months of use.,"[('wrist band', 'accuracy', 'not very accurate', -1.0), ('wrist band', 'durability', 'started coming off', -1.0)]","[('fitness tracker', 'accuracy', 'not very accurate', -0.8), ('wrist band', 'durability', 'started coming off', -1.0)]"
Works great. Easy to install.,"[('product', 'null', 'works great', 1.0), ('product', 'null', 'easy to install', 1.0)]","[('product', 'installation', 'great', 1.0), ('product', 'null', 'easy', 1.0)]"
Very very slow processor. Disappointing.,"[('processor', 'null', 'very slow', -1.0), ('processor', 'null', 'disappointing', -1.0)]","[('processor', 'speed', 'slow', -1.0), ('experience', 'null', 'disappointing', -1.0)]"
Great headsets. Comfortable. Great sound quality.,"[('headsets', 'null', 'great', 1.0), ('headsets', 'null', 'comfortable', 1.0), ('headsets', 'sound quality', 'great', 1.0)]","[('headsets', 'comfort', 'comfortable', 1.0), ('headsets', 'sound quality', 'great', 1.0)]"
"Great case. Fits both the iPad Air & Air 2. Comes with a removable inner lining. When removed it fits the iPad Air. Looks good. Bought it in December 2014, still in great shape.","[('case', 'null', 'looks good', 1.0), ('case', 'null', 'still in great shape', 1.0)]","[('case', 'quality', 'great', 1.0), ('case', 'fit', 'good', 1.0), ('case', 'lining', 'removable', 1.0)]"
AWESOME sound!  Easy to install. The wireless subwoofer makes it easy to place any where in the room.,"[('sound', 'null', 'awesome', 1.0), ('installation', 'null', 'easy', 1.0), ('wireless subwoofer', 'placement', 'easy', 1.0)]","[('sound', 'null', 'awesome', 1.0), ('installer', 'null', 'easy', 1.0), ('subwoofer', 'placement', 'easy', 1.0)]"
Excellent sound. Easy to install.,"[('sound', 'null', 'excellent', 1.0), ('installation', 'null', 'easy', 1.0)]","[('sound', 'null', 'excellent', 1.0), ('installation', 'null', 'easy', 1.0)]"
"Arrived sooner than the original really long estimated date.  Packaged well.  Remote wall bracket included.  No ceiling or wall mounting hardware included for the screen.  Very quiet operation. Moves very slowly up/down, but no big problem as the projector is usually getting up to temperature.  High vinyl odor, but that's fading, since installed 4 days ago. Does hide-away nicely and seems unobtrusive.  Worthy purchase.","[('projector', 'delivery time', 'sooner than estimated', 1.0), ('package', 'packaging', 'well', 1.0), ('remote wall bracket', 'included accessories', 'included', 1.0), ('projector', 'mounting hardware', 'no big problem', 0.5), ('projector', 'noise level', 'quiet', 1.0), ('projector', 'movement speed', 'slowly', -1.0), ('projector', 'temperature', 'getting up to temperature', 0.0), ('projector', 'odor', 'high vinyl odor', -1.0), ('projector', 'odor', 'fading', 1.0), ('projector', 'design', 'hide-away nicely', 1.0), ('projector', 'design', 'unobtrusive', 1.0), ('projector', 'value', 'worthy purchase', 1.0)]","[('delivery', 'speed', 'sooner', 1.0), ('package', 'quality', 'well', 1.0), ('remote', 'quality', 'included', 1.0), ('mounting hardware', 'quality', 'included', -1.0), ('operation', 'noise', 'quiet', 1.0), ('operation', 'speed', 'slowly', -0.5), ('projector', 'temperature', 'getting', 0.0), ('smell', 'odor', 'high', -0.5), ('design', 'quality', 'unobtrusive', 1.0), ('purchase', 'worth', 'worthy', 1.0)]"
This cameras seems to focus on what “it” wants. I will try to capture and watch an area by moving the cameras visual area using the app but it will quickly return to another area. Not even the same area as was before I decided to look elsewhere. It tends to bounce anywhere it’s little heart desires causing me frustration and non use.,"[('cameras', 'null', ""bounce anywhere it's little heart desires"", -1.0), ('cameras', 'null', 'causing me frustration', -1.0), ('cameras', 'null', 'non use', -1.0)]","[('camera', 'focus', 'wants', -1.0), ('camera', 'visual area', 'bounce', -1.0), ('camera', 'visual area', 'frustration', -1.0), ('camera', 'use', 'non use', -1.0)]"
A little crackly at times but not that noticeable. Just turn the volume up. Easy connect. Use everyday,"[('iphone 15', 'sound quality', 'not that noticeable', 0.5), ('iphone 15', 'volume', 'easy', 1.0), ('iphone 15', 'connectivity', 'easy', 1.0)]","[('volume', 'null', 'crackly', -0.5), ('volume', 'null', 'not that noticeable', 0.2), ('connect', 'null', 'easy', 1.0), ('use', 'null', 'everyday', 1.0)]"
"To me, this was a waste of money. Not useful on a plane or really anywhere. Too short, once bent, leaving no surface space so phone wants to fall off. Don’t buy it. Save your money.","[('product', 'null', 'waste of money', -1.0), ('product', 'usefulness', 'not useful', -1.0), ('product', 'length', 'too short', -1.0), ('product', 'sturdiness', 'bent', -1.0), ('product', 'stability', 'wants to fall off', -1.0), ('product', 'null', ""don't buy it"", -1.0), ('money', 'null', 'save your money', 1.0)]","[('product', 'usefulness', 'waste of money', -1.0), ('product', 'usefulness', 'not useful', -1.0), ('product', 'size', 'too short', -1.0), ('product', 'sturdiness', 'bent', -1.0), ('product', 'stability', 'wants to fall off', -1.0), ('product', 'value', ""don't buy"", -1.0), ('money', 'value', 'save your money', 1.0)]"
Works great. Son uses it to hold Beats and Jaybirds. Traveled well and protected items.,"[('product', 'null', 'works great', 1.0), ('product', 'null', 'traveled well', 1.0), ('product', 'null', 'protected items', 1.0)]","[('case', 'quality', 'great', 1.0), ('case', 'protection', 'great', 1.0)]"
Works great. No complaints!,"[('product', 'null', 'works great', 1.0), ('product', 'null', 'no complaints', 1.0)]","[('product', 'null', 'works great', 1.0), ('product', 'null', 'no complaints', 1.0)]"
"My son likes it,holding up well considering how much weight he puts in it.So far so good!","[('iphone 15', 'null', 'likes it', 1.0), ('iphone 15', 'null', 'holding up well', 1.0), ('iphone 15', 'weight', 'considering how much weight he puts in it', -1.0), ('iphone 15', 'null', 'so good', 1.0)]","[('it', 'null', 'good', 0.8)]"
love them so much thank you,"[('them', 'null', 'love them so much', 1.0)]","[('them', 'null', 'love', 1.0)]"
awesome,"[('iphone 15', 'null', 'awesome', 1.0)]","[('product', 'null', 'awesome', 1.0)]"
Very sturdy and well made. My AirPods fit snugly into the case and the cases latching button is magnetic and closes easily and is very secure. The charging light is visible as there is an opening for it built into the case so you can see when it is light up red or green and the charging port is accessible so you don’t have to remove them to charge them. They clasp onto my purse sturdily and I have no worries about them becoming dislodged from my purse and getting lost. If you want to use a different clasp it’s interchangeable with one of your choosing of the same size. Great quality for a great price. HIGHLY RECOMMEND!!,"[('airpods', 'quality', 'great quality', 1.0), ('airpods', 'price', 'great price', 1.0), ('airpods', 'case', 'very secure', 1.0), ('airpods', 'case', 'sturdy', 1.0), ('airpods', 'case', 'well made', 1.0), ('airpods', 'fit', 'snugly', 1.0), ('airpods', 'clasp', 'sturdy', 1.0), ('airpods', 'clasp', 'interchangeable', 1.0), ('airpods', 'charging light', 'visible', 1.0), ('airpods', 'charging port', 'accessible', 1.0), ('airpods', 'null', 'highly recommend', 1.0)]","[('airpods', 'sturdy', 'very', 1.0), ('airpods', 'well made', 'very', 1.0), ('airpods case', 'latching button', 'magnetic', 1.0), ('airpods case', 'closes easily', 'very', 1.0), ('airpods case', 'secure', 'very', 1.0), ('airpods case', 'charging light', 'visible', 1.0), ('airpods case', 'charging port', 'accessible', 1.0), ('airpods', 'clasp', 'sturdy', 1.0), ('airpods', 'quality', 'great', 1.0), ('airpods', 'price', 'great', 1.0)]"
Somewhat disappointed. Works as advertised except this desk is not wide enough and therefore your computer is not centered for typing. I’m order to do my homework I have to set it up as shown in my photo (move computer to center of desk instead of where it’s supposed to sit) which leaves little room for my mouse to be used. This is the only flaw I am seeing so far.,"[('desk', 'width', 'not wide enough', -1.0), ('desk', 'design', 'only flaw', -1.0), ('computer', 'placement', 'not centered', -1.0), ('mouse', 'space', 'little room', -1.0)]","[('desk', 'width', 'not wide enough', -1.0), ('desk', 'design', 'null', 0.0), ('computer', 'position', 'null', 0.0), ('mouse', 'space', 'little room', -1.0)]"
Gift,"[('gift', 'null', 'very nice', 1.0)]","[('gift', 'null', 'good', 1.0)]"
The projection screen itself is not wrinkle free and the stand is super flimsy. I'm just going to end up using some heavy duty velcro strips to hang the screen without the stand.,"[('projection screen', 'wrinkle free', 'not', -1.0), ('stand', 'flimsy', 'super', -1.0)]","[('projection screen', 'wrinkle free', 'not', -1.0), ('stand', 'flimsy', 'super', -1.0)]"
Just brought this TV in March and the panel is screwed. Turns out it's a manufacturers defect. Trying to get this TV replaced or repaired has been HELL!  I had been calling support since March and finally got through at the end of July. I've been transferred to 3 different departments just to get the exchange finalized. No one has made any effort to contact me about when or how this exchange will take place. Terrible!,"[('tv', 'panel', 'screwed', -1.0), ('manufacturer', 'null', 'terrible', -1.0), ('customer support', 'effort', 'made', -1.0), ('customer support', 'effort', 'no', -1.0), ('customer support', 'communication', 'terrible', -1.0)]","[('tv', 'panel', 'screwed', -1.0), ('manufacturer', 'null', 'terrible', -1.0), ('support', 'effort', 'no', -1.0), ('support', 'effort', 'any', -1.0), ('exchange process', 'null', 'terrible', -1.0)]"
Very nice!  I love my new larger screen Kindle.,"[('kindle', 'screen size', 'larger', 1.0)]","[('kindle', 'screen', 'larger', 1.0), ('kindle', 'null', 'nice', 1.0)]"
Love it!  It fits my Chromebook perfectly.,"[('it', 'null', 'love it', 1.0), ('it', 'null', 'fits perfectly', 1.0)]","[('case', 'fit', 'love', 1.0), ('case', 'null', 'perfectly', 1.0)]"
Horrible.  It did not amplify anything.  All I heard was a buzzing sound.  I'm so disappointed.,"[('amplifier', 'null', 'horrible', -1.0), ('amplifier', 'null', 'did not amplify', -1.0), ('amplifier', 'null', 'buzzing sound', -1.0), ('amplifier', 'null', 'disappointed', -1.0)]","[('amplifier', 'null', 'horrible', -1.0), ('amplifier', 'sound quality', 'buzzing sound', -1.0), ('amplifier', 'null', 'disappointed', -1.0)]"
I purchased this for my Nana who is 94 yrs old and doesn’t have cable. It was simple to set up (follow instructions on TV settings to setup) and my nana now has more stations and way better quality visually as well as for listening because the stations no longer go in and out! Definitely worth the money.,"[('device', 'setup', 'simple', 1.0), ('device', 'quality', 'better', 1.0), ('device', 'quality', 'way better', 1.0), ('device', 'stations', 'no longer go in and out', 1.0), ('device', 'value', 'worth the money', 1.0)]","[('tv', 'quality', 'better', 1.0), ('tv', 'stations', 'more', 1.0), ('tv', 'quality', 'way better', 1.0), ('tv', 'quality', 'visually better', 1.0), ('tv', 'listening quality', 'better', 1.0), ('tv', 'setup', 'simple', 1.0), ('tv', 'setup', 'easy', 1.0), ('tv', 'value', 'worth the money', 1.0)]"
Pretty cool design...still figuring out how to get the mp3s added for swimming!,"[('design', 'null', 'pretty cool', 1.0), ('product', 'null', 'pretty cool', 1.0), ('product', 'null', 'good', 1.0), ('product', 'null', 'swimming', 0.0)]","[('design', 'null', 'cool', 1.0)]"
"I needed this for work and it was easy to install, I use it daily.  Have only had it a few weeks but so far, so good.  It comes with a long cord too which is a good feature.","[('product', 'installation', 'easy to install', 1.0), ('product', 'null', 'so good', 1.0), ('product', 'cord', 'good feature', 1.0)]","[('product', 'installation', 'easy', 1.0), ('product', 'usability', 'good', 0.7), ('product', 'cord', 'good', 0.7)]"
Super happy and got it on promo! Would recommend,"[('iphone 15', 'null', 'super happy', 1.0), ('iphone 15', 'null', 'got it on promo', 1.0), ('iphone 15', 'null', 'would recommend', 1.0)]","[('product', 'null', 'happy', 1.0), ('product', 'null', 'recommend', 1.0)]"
Love it,"[('iphone 15', 'null', 'love it', 1.0)]","[('it', 'null', 'love', 1.0)]"
"came as advertised; delivered before date-of-delivery; good value for money<br />radio standard, depending on your car, may need install kit for your car;<br />I needed kit for my 2013 Toyota . . .<br />suggest you measure area opening of dash where radio is to be mounted","[('product', 'value for money', 'good', 1.0), ('product', 'null', 'came as advertised', 1.0), ('product', 'null', 'delivered before date-of-delivery', 1.0), ('product', 'installation kit', 'needed', -1.0), ('product', 'installation kit', 'suggest you measure area', 0.0), ('product', 'installation kit', 'for your car', 0.0), ('product', 'installation kit', 'for my 2013 toyota', 0.0), ('product', 'installation kit', 'may need', -1.0), ('product', 'radio', 'standard', -1.0)]","[('product', 'value for money', 'good', 1.0), ('radio', 'null', 'standard', 0.0), ('install kit', 'null', 'null', 0.0), ('product', 'null', 'good', 1.0)]"
"says ""it fits Aftermarket Radio Fits 2009-2013 Toyota Corolla"": my car is a 2013 Toyota Corolla, but it didn't work for me: side pieces did not bolt to my radio: I think it is because my radio mounting holes are not the same as the kit: my radio is one that the kit does not work with. . .<br />nice kit tho. . .","[('aftermarket radio fits 2009-2013 toyota corolla', 'quality', 'nice kit', 1.0), ('aftermarket radio fits 2009-2013 toyota corolla', 'quality', 'did not work', -1.0), ('my radio', 'null', 'not the same', -1.0)]","[('kit', 'quality', 'nice', 1.0), ('kit', 'null', 'did not work', -1.0), ('radio mounting holes', 'null', 'not the same', -1.0)]"
nice to have an accident plan just in case of the unexpected . . .,"[('accident plan', 'null', 'nice to have', 1.0)]",[]
good to have security just in case: not expecting any trouble tho. . .,"[('security', 'null', 'good to have', 1.0)]","[('security', 'null', 'good', 0.7)]"
"excellent radio: even tho I worked at an auto repair shop, installation was easy even for a novice user:<br />customer service is awesome: I had not registered my radio yet and they replied to my question within a<br />week or so . . . .<br />sorry no picture, because I'm waiting on a radio dash install kit for aftermarket radio: right now there is a gap on the sides, but that does not bother me nor does it affect the operation of the unit. . .<br />there are several models of the A6; depending on what options you're looking for, one of the A6s will have it<br />I recommend purchasing this radio . . .","[('radio', 'installation', 'easy', 1.0), ('customer service', 'null', 'awesome', 1.0), ('customer service', 'response time', 'within a week', 1.0), ('radio', 'operation', 'does not affect', 1.0), ('radio', 'appearance', 'does not bother', 1.0), ('radio', 'null', 'recommend', 1.0)]","[('radio', 'installation', 'easy', 1.0), ('customer service', 'null', 'awesome', 1.0), ('picture', 'null', 'does not bother me', 0.5), ('operation', 'null', 'does not affect', 0.5), ('radio', 'null', 'recommend', 1.0)]"
this item was gift; friend likes it so far; still testing. . . . .likes the knob controls . . . .,"[('item', 'null', 'likes it so far', 1.0), ('knob controls', 'null', 'likes', 1.0)]","[('item', 'null', 'likes it', 0.7), ('knob controls', 'null', 'likes', 1.0)]"
easy install. . . . all options worked. . . .<br />just screen is a little dark. . . even more when lights are turned on . . . . .<br /><br />I would recommend buying this unit,"[('this unit', 'null', 'easy to install', 1.0), ('all options', 'null', 'worked', 1.0), ('screen', 'null', 'a little dark', -1.0), ('screen', 'null', 'even more dark', -1.0)]","[('install', 'null', 'easy', 1.0), ('options', 'null', 'worked', 1.0), ('screen', 'brightness', 'a little dark', -0.5), ('screen', 'brightness', 'even more dark', -0.5), ('unit', 'null', 'recommend buying', 1.0)]"
a nice set of assortment screws for computer . . .,"[('screws', 'null', 'nice', 1.0)]","[('screws', 'assortment', 'nice', 1.0), ('screws', 'null', 'nice', 1.0), ('screws', 'null', 'for', 0.0), ('computer', 'null', 'nice', 1.0)]"
this was a gift / my friend says he liked it / it was what he thought it was / he likes the idea of open computer . . .,"[('gift', 'null', 'what he thought it was', 1.0), ('friend', 'null', 'he liked it', 1.0), ('computer', 'null', 'he likes the idea of open', 1.0)]","[('gift', 'null', 'liked', 1.0), ('gift', 'null', 'what he thought it was', 0.5), ('computer', 'idea', 'open', 1.0)]"
looks like original / wouldn't tell the difference if it didn't say replacement . . .,"[('original', 'null', 'looks like', 1.0), ('replacement', 'null', 'looks like', 1.0)]","[('original', 'null', 'looks like', 0.5), ('replacement', 'null', ""wouldn't tell the difference"", -1.0)]"
haven't used any yet. . . .needed some extra cables when I'm ready to install more SSD's. . .,"[('iphone 15', 'null', ""haven't used any yet"", -1.0), ('iphone 15', 'null', 'needed some extra cables', -1.0)]","[('cables', 'null', 'needed', -0.5)]"
perfect fit in 3.5 slot. . .the dual holder allows to install extra SSD any time. . . or you can go with a HDD for more storage space,"[('3.5 slot', 'null', 'perfect fit', 1.0), ('dual holder', 'null', 'allows', 1.0), ('extra ssd', 'null', 'install', 1.0), ('hdd', 'null', 'more storage space', 1.0)]","[('slot', 'size', 'perfect fit', 1.0), ('dual holder', 'null', 'allows', 1.0), ('ssd', 'null', 'extra', 1.0), ('ssd', 'null', 'any time', 1.0), ('hdd', 'null', 'more storage space', 1.0)]"
"easy install in my HP computer, perfect fit/ no problems with clean install win 10/very satisfied. . .","[('hp computer', 'null', 'easy install', 1.0), ('hp computer', 'null', 'perfect fit', 1.0), ('hp computer', 'null', 'no problems', 1.0), ('hp computer', 'null', 'clean install', 1.0), ('hp computer', 'null', 'very satisfied', 1.0)]","[('install', 'null', 'easy', 1.0), ('install', 'null', 'perfect', 1.0), ('install', 'null', 'no problems', 1.0), ('install', 'null', 'satisfied', 1.0)]"
using this addlink in a desktop and my laptop / easy install. . . perfect fits. . .did help increase speed of my computers. . .,"[('addlink', 'null', 'perfect', 1.0), ('addlink', 'null', 'easy install', 1.0), ('desktop', 'null', 'perfect fits', 1.0), ('laptop', 'null', 'perfect fits', 1.0), ('computers', 'speed', 'increase', 1.0)]","[('addlink', 'install', 'easy', 1.0), ('addlink', 'fits', 'perfect', 1.0), ('computers', 'speed', 'increase', 1.0)]"
this was a gift. . . he said he liked it. . . . .that's all the info I have on this item. . :(,"[('gift', 'null', 'he liked it', 1.0)]",[]
"wife wasn't satisfied with overall operation. . . .I liked it tho, but had to put it back in the box","[('wife', 'null', ""wasn't satisfied"", -1.0), ('it', 'null', 'liked it', 1.0)]","[('operation', 'null', ""wasn't satisfied"", -1.0), ('it', 'null', 'liked', 0.7)]"
used once to test it out. . . . .worked great. . . I liked it. . .,"[('iphone 15', 'null', 'worked great', 1.0), ('iphone 15', 'null', 'liked it', 1.0)]","[('it', 'null', 'worked great', 1.0), ('it', 'null', 'liked', 1.0)]"
it worked fine / great conversation piece too!,"[('it', 'null', 'worked fine', 1.0), ('conversation piece', 'null', 'great', 1.0)]","[('conversation piece', 'null', 'great', 1.0), ('it', 'null', 'fine', 0.8)]"
perfect item for a novices user as I am. . .,"[('item', 'null', 'perfect', 1.0)]","[('item', 'null', 'perfect', 1.0), ('user', 'null', 'novices', 0.5)]"
Great hard drive for the price! Installed with no issues in wife's Dell computer: She's very satisfied:,"[('hard drive', 'price', 'great', 1.0), ('hard drive', 'null', 'installed with no issues', 1.0), ('dell computer', 'null', 'very satisfied', 1.0)]","[('hard drive', 'price', 'great', 1.0), ('hard drive', 'null', 'installed with no issues', 1.0), ('dell computer', 'null', 'satisfied', 1.0)]"
Great little device!,"[('device', 'null', 'great', 1.0)]","[('device', 'null', 'great', 1.0)]"
Good warranty!,"[('product', 'warranty', 'good', 1.0)]","[('warranty', 'null', 'good', 1.0)]"
